English,Kanjobal
1CH-1-ENG.txt,1CH-1-KNJ.txt
1CH-10-ENG.txt,1CH-10-KNJ.txt
1CH-11-ENG.txt,1CH-11-KNJ.txt
1CH-12-ENG.txt,1CH-12-KNJ.txt
1CH-13-ENG.txt,1CH-13-KNJ.txt
1CH-14-ENG.txt,1CH-14-KNJ.txt
1CH-15-ENG.txt,1CH-15-KNJ.txt
1CH-16-ENG.txt,1CH-16-KNJ.txt
1CH-17-ENG.txt,1CH-17-KNJ.txt
1CH-18-ENG.txt,1CH-18-KNJ.txt
1CH-19-ENG.txt,1CH-19-KNJ.txt
1CH-2-ENG.txt,1CH-2-KNJ.txt
1CH-20-ENG.txt,1CH-20-KNJ.txt
1CH-21-ENG.txt,1CH-21-KNJ.txt
1CH-22-ENG.txt,1CH-22-KNJ.txt
1CH-23-ENG.txt,1CH-23-KNJ.txt
1CH-24-ENG.txt,1CH-24-KNJ.txt
1CH-25-ENG.txt,1CH-25-KNJ.txt
1CH-26-ENG.txt,1CH-26-KNJ.txt
1CH-27-ENG.txt,1CH-27-KNJ.txt
1CH-28-ENG.txt,1CH-28-KNJ.txt
1CH-29-ENG.txt,1CH-29-KNJ.txt
1CH-3-ENG.txt,1CH-3-KNJ.txt
1CH-4-ENG.txt,1CH-4-KNJ.txt
1CH-5-ENG.txt,1CH-5-KNJ.txt
1CH-6-ENG.txt,1CH-6-KNJ.txt
1CH-7-ENG.txt,1CH-7-KNJ.txt
1CH-8-ENG.txt,1CH-8-KNJ.txt
1CH-9-ENG.txt,1CH-9-KNJ.txt
1CO-1-ENG.txt,1CO-1-KNJ.txt
1CO-10-ENG.txt,1CO-10-KNJ.txt
1CO-11-ENG.txt,1CO-11-KNJ.txt
1CO-12-ENG.txt,1CO-12-KNJ.txt
1CO-13-ENG.txt,1CO-13-KNJ.txt
1CO-14-ENG.txt,1CO-14-KNJ.txt
1CO-15-ENG.txt,1CO-15-KNJ.txt
1CO-16-ENG.txt,1CO-16-KNJ.txt
1CO-2-ENG.txt,1CO-2-KNJ.txt
1CO-3-ENG.txt,1CO-3-KNJ.txt
1CO-4-ENG.txt,1CO-4-KNJ.txt
1CO-5-ENG.txt,1CO-5-KNJ.txt
1CO-6-ENG.txt,1CO-6-KNJ.txt
1CO-7-ENG.txt,1CO-7-KNJ.txt
1CO-8-ENG.txt,1CO-8-KNJ.txt
1CO-9-ENG.txt,1CO-9-KNJ.txt
1JN-1-ENG.txt,1JN-1-KNJ.txt
1JN-2-ENG.txt,1JN-2-KNJ.txt
1JN-3-ENG.txt,1JN-3-KNJ.txt
1JN-4-ENG.txt,1JN-4-KNJ.txt
1JN-5-ENG.txt,1JN-5-KNJ.txt
1KI-1-ENG.txt,1KI-1-KNJ.txt
1KI-10-ENG.txt,1KI-10-KNJ.txt
1KI-11-ENG.txt,1KI-11-KNJ.txt
1KI-12-ENG.txt,1KI-12-KNJ.txt
1KI-13-ENG.txt,1KI-13-KNJ.txt
1KI-14-ENG.txt,1KI-14-KNJ.txt
1KI-15-ENG.txt,1KI-15-KNJ.txt
1KI-16-ENG.txt,1KI-16-KNJ.txt
1KI-17-ENG.txt,1KI-17-KNJ.txt
1KI-18-ENG.txt,1KI-18-KNJ.txt
1KI-19-ENG.txt,1KI-19-KNJ.txt
1KI-2-ENG.txt,1KI-2-KNJ.txt
1KI-20-ENG.txt,1KI-20-KNJ.txt
1KI-21-ENG.txt,1KI-21-KNJ.txt
1KI-22-ENG.txt,1KI-22-KNJ.txt
1KI-3-ENG.txt,1KI-3-KNJ.txt
1KI-4-ENG.txt,1KI-4-KNJ.txt
1KI-5-ENG.txt,1KI-5-KNJ.txt
1KI-6-ENG.txt,1KI-6-KNJ.txt
1KI-7-ENG.txt,1KI-7-KNJ.txt
1KI-8-ENG.txt,1KI-8-KNJ.txt
1KI-9-ENG.txt,1KI-9-KNJ.txt
1PE-1-ENG.txt,1PE-1-KNJ.txt
1PE-2-ENG.txt,1PE-2-KNJ.txt
1PE-3-ENG.txt,1PE-3-KNJ.txt
1PE-4-ENG.txt,1PE-4-KNJ.txt
1PE-5-ENG.txt,1PE-5-KNJ.txt
1SA-1-ENG.txt,1SA-1-KNJ.txt
1SA-10-ENG.txt,1SA-10-KNJ.txt
1SA-11-ENG.txt,1SA-11-KNJ.txt
1SA-12-ENG.txt,1SA-12-KNJ.txt
1SA-13-ENG.txt,1SA-13-KNJ.txt
1SA-14-ENG.txt,1SA-14-KNJ.txt
1SA-15-ENG.txt,1SA-15-KNJ.txt
1SA-16-ENG.txt,1SA-16-KNJ.txt
1SA-17-ENG.txt,1SA-17-KNJ.txt
1SA-18-ENG.txt,1SA-18-KNJ.txt
1SA-19-ENG.txt,1SA-19-KNJ.txt
1SA-2-ENG.txt,1SA-2-KNJ.txt
1SA-20-ENG.txt,1SA-20-KNJ.txt
1SA-21-ENG.txt,1SA-21-KNJ.txt
1SA-22-ENG.txt,1SA-22-KNJ.txt
1SA-23-ENG.txt,1SA-23-KNJ.txt
1SA-24-ENG.txt,1SA-24-KNJ.txt
1SA-25-ENG.txt,1SA-25-KNJ.txt
1SA-26-ENG.txt,1SA-26-KNJ.txt
1SA-27-ENG.txt,1SA-27-KNJ.txt
1SA-28-ENG.txt,1SA-28-KNJ.txt
1SA-29-ENG.txt,1SA-29-KNJ.txt
1SA-3-ENG.txt,1SA-3-KNJ.txt
1SA-30-ENG.txt,1SA-30-KNJ.txt
1SA-31-ENG.txt,1SA-31-KNJ.txt
1SA-4-ENG.txt,1SA-4-KNJ.txt
1SA-5-ENG.txt,1SA-5-KNJ.txt
1SA-6-ENG.txt,1SA-6-KNJ.txt
1SA-7-ENG.txt,1SA-7-KNJ.txt
1SA-8-ENG.txt,1SA-8-KNJ.txt
1SA-9-ENG.txt,1SA-9-KNJ.txt
1TH-1-ENG.txt,1TH-1-KNJ.txt
1TH-2-ENG.txt,1TH-2-KNJ.txt
1TH-3-ENG.txt,1TH-3-KNJ.txt
1TH-4-ENG.txt,1TH-4-KNJ.txt
1TH-5-ENG.txt,1TH-5-KNJ.txt
1TI-1-ENG.txt,1TI-1-KNJ.txt
1TI-2-ENG.txt,1TI-2-KNJ.txt
1TI-3-ENG.txt,1TI-3-KNJ.txt
1TI-4-ENG.txt,1TI-4-KNJ.txt
1TI-5-ENG.txt,1TI-5-KNJ.txt
1TI-6-ENG.txt,1TI-6-KNJ.txt
2CH-1-ENG.txt,2CH-1-KNJ.txt
2CH-10-ENG.txt,2CH-10-KNJ.txt
2CH-11-ENG.txt,2CH-11-KNJ.txt
2CH-13-ENG.txt,2CH-13-KNJ.txt
2CH-14-ENG.txt,2CH-14-KNJ.txt
2CH-15-ENG.txt,2CH-15-KNJ.txt
2CH-16-ENG.txt,2CH-16-KNJ.txt
2CH-17-ENG.txt,2CH-17-KNJ.txt
2CH-18-ENG.txt,2CH-18-KNJ.txt
2CH-19-ENG.txt,2CH-19-KNJ.txt
2CH-2-ENG.txt,2CH-2-KNJ.txt
2CH-20-ENG.txt,2CH-20-KNJ.txt
2CH-21-ENG.txt,2CH-21-KNJ.txt
2CH-22-ENG.txt,2CH-22-KNJ.txt
2CH-23-ENG.txt,2CH-23-KNJ.txt
2CH-24-ENG.txt,2CH-24-KNJ.txt
2CH-25-ENG.txt,2CH-25-KNJ.txt
2CH-26-ENG.txt,2CH-26-KNJ.txt
2CH-27-ENG.txt,2CH-27-KNJ.txt
2CH-28-ENG.txt,2CH-28-KNJ.txt
2CH-29-ENG.txt,2CH-29-KNJ.txt
2CH-3-ENG.txt,2CH-3-KNJ.txt
2CH-30-ENG.txt,2CH-30-KNJ.txt
2CH-31-ENG.txt,2CH-31-KNJ.txt
2CH-32-ENG.txt,2CH-32-KNJ.txt
2CH-33-ENG.txt,2CH-33-KNJ.txt
2CH-34-ENG.txt,2CH-34-KNJ.txt
2CH-35-ENG.txt,2CH-35-KNJ.txt
2CH-36-ENG.txt,2CH-36-KNJ.txt
2CH-4-ENG.txt,2CH-4-KNJ.txt
2CH-5-ENG.txt,2CH-5-KNJ.txt
2CH-6-ENG.txt,2CH-6-KNJ.txt
2CH-7-ENG.txt,2CH-7-KNJ.txt
2CH-8-ENG.txt,2CH-8-KNJ.txt
2CH-9-ENG.txt,2CH-9-KNJ.txt
2CO-1-ENG.txt,2CO-1-KNJ.txt
2CO-10-ENG.txt,2CO-10-KNJ.txt
2CO-11-ENG.txt,2CO-11-KNJ.txt
2CO-12-ENG.txt,2CO-12-KNJ.txt
2CO-13-ENG.txt,2CO-13-KNJ.txt
2CO-2-ENG.txt,2CO-2-KNJ.txt
2CO-3-ENG.txt,2CO-3-KNJ.txt
2CO-4-ENG.txt,2CO-4-KNJ.txt
2CO-5-ENG.txt,2CO-5-KNJ.txt
2CO-6-ENG.txt,2CO-6-KNJ.txt
2CO-7-ENG.txt,2CO-7-KNJ.txt
2CO-8-ENG.txt,2CO-8-KNJ.txt
2CO-9-ENG.txt,2CO-9-KNJ.txt
2JN-1-ENG.txt,2JN-1-KNJ.txt
2KI-1-ENG.txt,2KI-1-KNJ.txt
2KI-10-ENG.txt,2KI-10-KNJ.txt
2KI-11-ENG.txt,2KI-11-KNJ.txt
2KI-12-ENG.txt,2KI-12-KNJ.txt
2KI-13-ENG.txt,2KI-13-KNJ.txt
2KI-14-ENG.txt,2KI-14-KNJ.txt
2KI-15-ENG.txt,2KI-15-KNJ.txt
2KI-16-ENG.txt,2KI-16-KNJ.txt
2KI-17-ENG.txt,2KI-17-KNJ.txt
2KI-18-ENG.txt,2KI-18-KNJ.txt
2KI-19-ENG.txt,2KI-19-KNJ.txt
2KI-2-ENG.txt,2KI-2-KNJ.txt
2KI-20-ENG.txt,2KI-20-KNJ.txt
2KI-21-ENG.txt,2KI-21-KNJ.txt
2KI-22-ENG.txt,2KI-22-KNJ.txt
2KI-23-ENG.txt,2KI-23-KNJ.txt
2KI-24-ENG.txt,2KI-24-KNJ.txt
2KI-25-ENG.txt,2KI-25-KNJ.txt
2KI-3-ENG.txt,2KI-3-KNJ.txt
2KI-4-ENG.txt,2KI-4-KNJ.txt
2KI-5-ENG.txt,2KI-5-KNJ.txt
2KI-6-ENG.txt,2KI-6-KNJ.txt
2KI-7-ENG.txt,2KI-7-KNJ.txt
2KI-8-ENG.txt,2KI-8-KNJ.txt
2KI-9-ENG.txt,2KI-9-KNJ.txt
2PE-1-ENG.txt,2PE-1-KNJ.txt
2PE-2-ENG.txt,2PE-2-KNJ.txt
2PE-3-ENG.txt,2PE-3-KNJ.txt
2SA-1-ENG.txt,2SA-1-KNJ.txt
2SA-10-ENG.txt,2SA-10-KNJ.txt
2SA-11-ENG.txt,2SA-11-KNJ.txt
2SA-12-ENG.txt,2SA-12-KNJ.txt
2SA-13-ENG.txt,2SA-13-KNJ.txt
2SA-14-ENG.txt,2SA-14-KNJ.txt
2SA-15-ENG.txt,2SA-15-KNJ.txt
2SA-16-ENG.txt,2SA-16-KNJ.txt
2SA-17-ENG.txt,2SA-17-KNJ.txt
2SA-18-ENG.txt,2SA-18-KNJ.txt
2SA-19-ENG.txt,2SA-19-KNJ.txt
2SA-2-ENG.txt,2SA-2-KNJ.txt
2SA-20-ENG.txt,2SA-20-KNJ.txt
2SA-21-ENG.txt,2SA-21-KNJ.txt
2SA-22-ENG.txt,2SA-22-KNJ.txt
2SA-23-ENG.txt,2SA-23-KNJ.txt
2SA-24-ENG.txt,2SA-24-KNJ.txt
2SA-3-ENG.txt,2SA-3-KNJ.txt
2SA-4-ENG.txt,2SA-4-KNJ.txt
2SA-5-ENG.txt,2SA-5-KNJ.txt
2SA-6-ENG.txt,2SA-6-KNJ.txt
2SA-7-ENG.txt,2SA-7-KNJ.txt
2SA-8-ENG.txt,2SA-8-KNJ.txt
2SA-9-ENG.txt,2SA-9-KNJ.txt
2TH-1-ENG.txt,2TH-1-KNJ.txt
2TH-2-ENG.txt,2TH-2-KNJ.txt
2TH-3-ENG.txt,2TH-3-KNJ.txt
2TI-1-ENG.txt,2TI-1-KNJ.txt
2TI-2-ENG.txt,2TI-2-KNJ.txt
2TI-3-ENG.txt,2TI-3-KNJ.txt
2TI-4-ENG.txt,2TI-4-KNJ.txt
ACT-1-ENG.txt,ACT-1-KNJ.txt
ACT-10-ENG.txt,ACT-10-KNJ.txt
ACT-11-ENG.txt,ACT-11-KNJ.txt
ACT-12-ENG.txt,ACT-12-KNJ.txt
ACT-13-ENG.txt,ACT-13-KNJ.txt
ACT-14-ENG.txt,ACT-14-KNJ.txt
ACT-16-ENG.txt,ACT-16-KNJ.txt
ACT-17-ENG.txt,ACT-17-KNJ.txt
ACT-18-ENG.txt,ACT-18-KNJ.txt
ACT-19-ENG.txt,ACT-19-KNJ.txt
ACT-2-ENG.txt,ACT-2-KNJ.txt
ACT-20-ENG.txt,ACT-20-KNJ.txt
ACT-21-ENG.txt,ACT-21-KNJ.txt
ACT-22-ENG.txt,ACT-22-KNJ.txt
ACT-23-ENG.txt,ACT-23-KNJ.txt
ACT-25-ENG.txt,ACT-25-KNJ.txt
ACT-26-ENG.txt,ACT-26-KNJ.txt
ACT-27-ENG.txt,ACT-27-KNJ.txt
ACT-3-ENG.txt,ACT-3-KNJ.txt
ACT-4-ENG.txt,ACT-4-KNJ.txt
ACT-5-ENG.txt,ACT-5-KNJ.txt
ACT-6-ENG.txt,ACT-6-KNJ.txt
ACT-7-ENG.txt,ACT-7-KNJ.txt
ACT-9-ENG.txt,ACT-9-KNJ.txt
AMO-1-ENG.txt,AMO-1-KNJ.txt
AMO-2-ENG.txt,AMO-2-KNJ.txt
AMO-3-ENG.txt,AMO-3-KNJ.txt
AMO-4-ENG.txt,AMO-4-KNJ.txt
AMO-5-ENG.txt,AMO-5-KNJ.txt
AMO-6-ENG.txt,AMO-6-KNJ.txt
AMO-7-ENG.txt,AMO-7-KNJ.txt
AMO-8-ENG.txt,AMO-8-KNJ.txt
AMO-9-ENG.txt,AMO-9-KNJ.txt
COL-1-ENG.txt,COL-1-KNJ.txt
COL-2-ENG.txt,COL-2-KNJ.txt
COL-3-ENG.txt,COL-3-KNJ.txt
COL-4-ENG.txt,COL-4-KNJ.txt
DAN-1-ENG.txt,DAN-1-KNJ.txt
DAN-10-ENG.txt,DAN-10-KNJ.txt
DAN-11-ENG.txt,DAN-11-KNJ.txt
DAN-12-ENG.txt,DAN-12-KNJ.txt
DAN-2-ENG.txt,DAN-2-KNJ.txt
DAN-3-ENG.txt,DAN-3-KNJ.txt
DAN-4-ENG.txt,DAN-4-KNJ.txt
DAN-5-ENG.txt,DAN-5-KNJ.txt
DAN-6-ENG.txt,DAN-6-KNJ.txt
DAN-7-ENG.txt,DAN-7-KNJ.txt
DAN-8-ENG.txt,DAN-8-KNJ.txt
DAN-9-ENG.txt,DAN-9-KNJ.txt
DEU-1-ENG.txt,DEU-1-KNJ.txt
DEU-10-ENG.txt,DEU-10-KNJ.txt
DEU-11-ENG.txt,DEU-11-KNJ.txt
DEU-12-ENG.txt,DEU-12-KNJ.txt
DEU-13-ENG.txt,DEU-13-KNJ.txt
DEU-14-ENG.txt,DEU-14-KNJ.txt
DEU-15-ENG.txt,DEU-15-KNJ.txt
DEU-16-ENG.txt,DEU-16-KNJ.txt
DEU-17-ENG.txt,DEU-17-KNJ.txt
DEU-18-ENG.txt,DEU-18-KNJ.txt
DEU-19-ENG.txt,DEU-19-KNJ.txt
DEU-2-ENG.txt,DEU-2-KNJ.txt
DEU-20-ENG.txt,DEU-20-KNJ.txt
DEU-21-ENG.txt,DEU-21-KNJ.txt
DEU-22-ENG.txt,DEU-22-KNJ.txt
DEU-23-ENG.txt,DEU-23-KNJ.txt
DEU-24-ENG.txt,DEU-24-KNJ.txt
DEU-25-ENG.txt,DEU-25-KNJ.txt
DEU-26-ENG.txt,DEU-26-KNJ.txt
DEU-27-ENG.txt,DEU-27-KNJ.txt
DEU-28-ENG.txt,DEU-28-KNJ.txt
DEU-29-ENG.txt,DEU-29-KNJ.txt
DEU-3-ENG.txt,DEU-3-KNJ.txt
DEU-30-ENG.txt,DEU-30-KNJ.txt
DEU-31-ENG.txt,DEU-31-KNJ.txt
DEU-32-ENG.txt,DEU-32-KNJ.txt
DEU-33-ENG.txt,DEU-33-KNJ.txt
DEU-34-ENG.txt,DEU-34-KNJ.txt
DEU-4-ENG.txt,DEU-4-KNJ.txt
DEU-5-ENG.txt,DEU-5-KNJ.txt
DEU-6-ENG.txt,DEU-6-KNJ.txt
DEU-7-ENG.txt,DEU-7-KNJ.txt
DEU-8-ENG.txt,DEU-8-KNJ.txt
DEU-9-ENG.txt,DEU-9-KNJ.txt
ECC-1-ENG.txt,ECC-1-KNJ.txt
ECC-10-ENG.txt,ECC-10-KNJ.txt
ECC-11-ENG.txt,ECC-11-KNJ.txt
ECC-12-ENG.txt,ECC-12-KNJ.txt
ECC-2-ENG.txt,ECC-2-KNJ.txt
ECC-3-ENG.txt,ECC-3-KNJ.txt
ECC-4-ENG.txt,ECC-4-KNJ.txt
ECC-5-ENG.txt,ECC-5-KNJ.txt
ECC-6-ENG.txt,ECC-6-KNJ.txt
ECC-7-ENG.txt,ECC-7-KNJ.txt
ECC-8-ENG.txt,ECC-8-KNJ.txt
ECC-9-ENG.txt,ECC-9-KNJ.txt
EPH-1-ENG.txt,EPH-1-KNJ.txt
EPH-2-ENG.txt,EPH-2-KNJ.txt
EPH-3-ENG.txt,EPH-3-KNJ.txt
EPH-4-ENG.txt,EPH-4-KNJ.txt
EPH-5-ENG.txt,EPH-5-KNJ.txt
EPH-6-ENG.txt,EPH-6-KNJ.txt
EST-1-ENG.txt,EST-1-KNJ.txt
EST-10-ENG.txt,EST-10-KNJ.txt
EST-2-ENG.txt,EST-2-KNJ.txt
EST-3-ENG.txt,EST-3-KNJ.txt
EST-4-ENG.txt,EST-4-KNJ.txt
EST-5-ENG.txt,EST-5-KNJ.txt
EST-6-ENG.txt,EST-6-KNJ.txt
EST-7-ENG.txt,EST-7-KNJ.txt
EST-8-ENG.txt,EST-8-KNJ.txt
EST-9-ENG.txt,EST-9-KNJ.txt
EXO-1-ENG.txt,EXO-1-KNJ.txt
EXO-10-ENG.txt,EXO-10-KNJ.txt
EXO-11-ENG.txt,EXO-11-KNJ.txt
EXO-12-ENG.txt,EXO-12-KNJ.txt
EXO-13-ENG.txt,EXO-13-KNJ.txt
EXO-14-ENG.txt,EXO-14-KNJ.txt
EXO-15-ENG.txt,EXO-15-KNJ.txt
EXO-16-ENG.txt,EXO-16-KNJ.txt
EXO-17-ENG.txt,EXO-17-KNJ.txt
EXO-18-ENG.txt,EXO-18-KNJ.txt
EXO-19-ENG.txt,EXO-19-KNJ.txt
EXO-2-ENG.txt,EXO-2-KNJ.txt
EXO-20-ENG.txt,EXO-20-KNJ.txt
EXO-21-ENG.txt,EXO-21-KNJ.txt
EXO-22-ENG.txt,EXO-22-KNJ.txt
EXO-23-ENG.txt,EXO-23-KNJ.txt
EXO-24-ENG.txt,EXO-24-KNJ.txt
EXO-25-ENG.txt,EXO-25-KNJ.txt
EXO-26-ENG.txt,EXO-26-KNJ.txt
EXO-27-ENG.txt,EXO-27-KNJ.txt
EXO-28-ENG.txt,EXO-28-KNJ.txt
EXO-29-ENG.txt,EXO-29-KNJ.txt
EXO-3-ENG.txt,EXO-3-KNJ.txt
EXO-30-ENG.txt,EXO-30-KNJ.txt
EXO-31-ENG.txt,EXO-31-KNJ.txt
EXO-32-ENG.txt,EXO-32-KNJ.txt
EXO-33-ENG.txt,EXO-33-KNJ.txt
EXO-34-ENG.txt,EXO-34-KNJ.txt
EXO-35-ENG.txt,EXO-35-KNJ.txt
EXO-36-ENG.txt,EXO-36-KNJ.txt
EXO-37-ENG.txt,EXO-37-KNJ.txt
EXO-38-ENG.txt,EXO-38-KNJ.txt
EXO-39-ENG.txt,EXO-39-KNJ.txt
EXO-4-ENG.txt,EXO-4-KNJ.txt
EXO-40-ENG.txt,EXO-40-KNJ.txt
EXO-5-ENG.txt,EXO-5-KNJ.txt
EXO-6-ENG.txt,EXO-6-KNJ.txt
EXO-7-ENG.txt,EXO-7-KNJ.txt
EXO-8-ENG.txt,EXO-8-KNJ.txt
EXO-9-ENG.txt,EXO-9-KNJ.txt
EZK-1-ENG.txt,EZK-1-KNJ.txt
EZK-10-ENG.txt,EZK-10-KNJ.txt
EZK-11-ENG.txt,EZK-11-KNJ.txt
EZK-12-ENG.txt,EZK-12-KNJ.txt
EZK-13-ENG.txt,EZK-13-KNJ.txt
EZK-14-ENG.txt,EZK-14-KNJ.txt
EZK-15-ENG.txt,EZK-15-KNJ.txt
EZK-16-ENG.txt,EZK-16-KNJ.txt
EZK-17-ENG.txt,EZK-17-KNJ.txt
EZK-18-ENG.txt,EZK-18-KNJ.txt
EZK-19-ENG.txt,EZK-19-KNJ.txt
EZK-2-ENG.txt,EZK-2-KNJ.txt
EZK-20-ENG.txt,EZK-20-KNJ.txt
EZK-21-ENG.txt,EZK-21-KNJ.txt
EZK-22-ENG.txt,EZK-22-KNJ.txt
EZK-23-ENG.txt,EZK-23-KNJ.txt
EZK-24-ENG.txt,EZK-24-KNJ.txt
EZK-25-ENG.txt,EZK-25-KNJ.txt
EZK-26-ENG.txt,EZK-26-KNJ.txt
EZK-27-ENG.txt,EZK-27-KNJ.txt
EZK-28-ENG.txt,EZK-28-KNJ.txt
EZK-29-ENG.txt,EZK-29-KNJ.txt
EZK-3-ENG.txt,EZK-3-KNJ.txt
EZK-30-ENG.txt,EZK-30-KNJ.txt
EZK-31-ENG.txt,EZK-31-KNJ.txt
EZK-32-ENG.txt,EZK-32-KNJ.txt
EZK-33-ENG.txt,EZK-33-KNJ.txt
EZK-34-ENG.txt,EZK-34-KNJ.txt
EZK-35-ENG.txt,EZK-35-KNJ.txt
EZK-36-ENG.txt,EZK-36-KNJ.txt
EZK-37-ENG.txt,EZK-37-KNJ.txt
EZK-38-ENG.txt,EZK-38-KNJ.txt
EZK-39-ENG.txt,EZK-39-KNJ.txt
EZK-4-ENG.txt,EZK-4-KNJ.txt
EZK-40-ENG.txt,EZK-40-KNJ.txt
EZK-41-ENG.txt,EZK-41-KNJ.txt
EZK-42-ENG.txt,EZK-42-KNJ.txt
EZK-43-ENG.txt,EZK-43-KNJ.txt
EZK-44-ENG.txt,EZK-44-KNJ.txt
EZK-45-ENG.txt,EZK-45-KNJ.txt
EZK-46-ENG.txt,EZK-46-KNJ.txt
EZK-47-ENG.txt,EZK-47-KNJ.txt
EZK-48-ENG.txt,EZK-48-KNJ.txt
EZK-5-ENG.txt,EZK-5-KNJ.txt
EZK-6-ENG.txt,EZK-6-KNJ.txt
EZK-7-ENG.txt,EZK-7-KNJ.txt
EZK-8-ENG.txt,EZK-8-KNJ.txt
EZK-9-ENG.txt,EZK-9-KNJ.txt
EZR-1-ENG.txt,EZR-1-KNJ.txt
EZR-10-ENG.txt,EZR-10-KNJ.txt
EZR-2-ENG.txt,EZR-2-KNJ.txt
EZR-3-ENG.txt,EZR-3-KNJ.txt
EZR-4-ENG.txt,EZR-4-KNJ.txt
EZR-5-ENG.txt,EZR-5-KNJ.txt
EZR-6-ENG.txt,EZR-6-KNJ.txt
EZR-7-ENG.txt,EZR-7-KNJ.txt
EZR-8-ENG.txt,EZR-8-KNJ.txt
EZR-9-ENG.txt,EZR-9-KNJ.txt
GAL-1-ENG.txt,GAL-1-KNJ.txt
GAL-2-ENG.txt,GAL-2-KNJ.txt
GAL-3-ENG.txt,GAL-3-KNJ.txt
GAL-4-ENG.txt,GAL-4-KNJ.txt
GAL-5-ENG.txt,GAL-5-KNJ.txt
GAL-6-ENG.txt,GAL-6-KNJ.txt
GEN-1-ENG.txt,GEN-1-KNJ.txt
GEN-10-ENG.txt,GEN-10-KNJ.txt
GEN-11-ENG.txt,GEN-11-KNJ.txt
GEN-12-ENG.txt,GEN-12-KNJ.txt
GEN-13-ENG.txt,GEN-13-KNJ.txt
GEN-14-ENG.txt,GEN-14-KNJ.txt
GEN-15-ENG.txt,GEN-15-KNJ.txt
GEN-16-ENG.txt,GEN-16-KNJ.txt
GEN-17-ENG.txt,GEN-17-KNJ.txt
GEN-18-ENG.txt,GEN-18-KNJ.txt
GEN-19-ENG.txt,GEN-19-KNJ.txt
GEN-2-ENG.txt,GEN-2-KNJ.txt
GEN-20-ENG.txt,GEN-20-KNJ.txt
GEN-21-ENG.txt,GEN-21-KNJ.txt
GEN-22-ENG.txt,GEN-22-KNJ.txt
GEN-23-ENG.txt,GEN-23-KNJ.txt
GEN-24-ENG.txt,GEN-24-KNJ.txt
GEN-25-ENG.txt,GEN-25-KNJ.txt
GEN-26-ENG.txt,GEN-26-KNJ.txt
GEN-27-ENG.txt,GEN-27-KNJ.txt
GEN-28-ENG.txt,GEN-28-KNJ.txt
GEN-29-ENG.txt,GEN-29-KNJ.txt
GEN-3-ENG.txt,GEN-3-KNJ.txt
GEN-30-ENG.txt,GEN-30-KNJ.txt
GEN-31-ENG.txt,GEN-31-KNJ.txt
GEN-32-ENG.txt,GEN-32-KNJ.txt
GEN-33-ENG.txt,GEN-33-KNJ.txt
GEN-34-ENG.txt,GEN-34-KNJ.txt
GEN-35-ENG.txt,GEN-35-KNJ.txt
GEN-36-ENG.txt,GEN-36-KNJ.txt
GEN-37-ENG.txt,GEN-37-KNJ.txt
GEN-38-ENG.txt,GEN-38-KNJ.txt
GEN-39-ENG.txt,GEN-39-KNJ.txt
GEN-4-ENG.txt,GEN-4-KNJ.txt
GEN-40-ENG.txt,GEN-40-KNJ.txt
GEN-41-ENG.txt,GEN-41-KNJ.txt
GEN-42-ENG.txt,GEN-42-KNJ.txt
GEN-43-ENG.txt,GEN-43-KNJ.txt
GEN-44-ENG.txt,GEN-44-KNJ.txt
GEN-45-ENG.txt,GEN-45-KNJ.txt
GEN-46-ENG.txt,GEN-46-KNJ.txt
GEN-47-ENG.txt,GEN-47-KNJ.txt
GEN-48-ENG.txt,GEN-48-KNJ.txt
GEN-49-ENG.txt,GEN-49-KNJ.txt
GEN-5-ENG.txt,GEN-5-KNJ.txt
GEN-50-ENG.txt,GEN-50-KNJ.txt
GEN-6-ENG.txt,GEN-6-KNJ.txt
GEN-7-ENG.txt,GEN-7-KNJ.txt
GEN-8-ENG.txt,GEN-8-KNJ.txt
GEN-9-ENG.txt,GEN-9-KNJ.txt
HAB-1-ENG.txt,HAB-1-KNJ.txt
HAB-2-ENG.txt,HAB-2-KNJ.txt
HAB-3-ENG.txt,HAB-3-KNJ.txt
HAG-1-ENG.txt,HAG-1-KNJ.txt
HAG-2-ENG.txt,HAG-2-KNJ.txt
HEB-1-ENG.txt,HEB-1-KNJ.txt
HEB-10-ENG.txt,HEB-10-KNJ.txt
HEB-11-ENG.txt,HEB-11-KNJ.txt
HEB-12-ENG.txt,HEB-12-KNJ.txt
HEB-13-ENG.txt,HEB-13-KNJ.txt
HEB-2-ENG.txt,HEB-2-KNJ.txt
HEB-3-ENG.txt,HEB-3-KNJ.txt
HEB-4-ENG.txt,HEB-4-KNJ.txt
HEB-5-ENG.txt,HEB-5-KNJ.txt
HEB-6-ENG.txt,HEB-6-KNJ.txt
HEB-7-ENG.txt,HEB-7-KNJ.txt
HEB-8-ENG.txt,HEB-8-KNJ.txt
HEB-9-ENG.txt,HEB-9-KNJ.txt
HOS-1-ENG.txt,HOS-1-KNJ.txt
HOS-10-ENG.txt,HOS-10-KNJ.txt
HOS-11-ENG.txt,HOS-11-KNJ.txt
HOS-12-ENG.txt,HOS-12-KNJ.txt
HOS-13-ENG.txt,HOS-13-KNJ.txt
HOS-14-ENG.txt,HOS-14-KNJ.txt
HOS-2-ENG.txt,HOS-2-KNJ.txt
HOS-3-ENG.txt,HOS-3-KNJ.txt
HOS-4-ENG.txt,HOS-4-KNJ.txt
HOS-5-ENG.txt,HOS-5-KNJ.txt
HOS-6-ENG.txt,HOS-6-KNJ.txt
HOS-7-ENG.txt,HOS-7-KNJ.txt
HOS-8-ENG.txt,HOS-8-KNJ.txt
HOS-9-ENG.txt,HOS-9-KNJ.txt
ISA-1-ENG.txt,ISA-1-KNJ.txt
ISA-10-ENG.txt,ISA-10-KNJ.txt
ISA-11-ENG.txt,ISA-11-KNJ.txt
ISA-12-ENG.txt,ISA-12-KNJ.txt
ISA-13-ENG.txt,ISA-13-KNJ.txt
ISA-14-ENG.txt,ISA-14-KNJ.txt
ISA-15-ENG.txt,ISA-15-KNJ.txt
ISA-16-ENG.txt,ISA-16-KNJ.txt
ISA-17-ENG.txt,ISA-17-KNJ.txt
ISA-18-ENG.txt,ISA-18-KNJ.txt
ISA-19-ENG.txt,ISA-19-KNJ.txt
ISA-2-ENG.txt,ISA-2-KNJ.txt
ISA-20-ENG.txt,ISA-20-KNJ.txt
ISA-21-ENG.txt,ISA-21-KNJ.txt
ISA-22-ENG.txt,ISA-22-KNJ.txt
ISA-23-ENG.txt,ISA-23-KNJ.txt
ISA-24-ENG.txt,ISA-24-KNJ.txt
ISA-25-ENG.txt,ISA-25-KNJ.txt
ISA-26-ENG.txt,ISA-26-KNJ.txt
ISA-27-ENG.txt,ISA-27-KNJ.txt
ISA-28-ENG.txt,ISA-28-KNJ.txt
ISA-29-ENG.txt,ISA-29-KNJ.txt
ISA-3-ENG.txt,ISA-3-KNJ.txt
ISA-30-ENG.txt,ISA-30-KNJ.txt
ISA-31-ENG.txt,ISA-31-KNJ.txt
ISA-32-ENG.txt,ISA-32-KNJ.txt
ISA-33-ENG.txt,ISA-33-KNJ.txt
ISA-34-ENG.txt,ISA-34-KNJ.txt
ISA-35-ENG.txt,ISA-35-KNJ.txt
ISA-36-ENG.txt,ISA-36-KNJ.txt
ISA-37-ENG.txt,ISA-37-KNJ.txt
ISA-38-ENG.txt,ISA-38-KNJ.txt
ISA-39-ENG.txt,ISA-39-KNJ.txt
ISA-4-ENG.txt,ISA-4-KNJ.txt
ISA-40-ENG.txt,ISA-40-KNJ.txt
ISA-41-ENG.txt,ISA-41-KNJ.txt
ISA-42-ENG.txt,ISA-42-KNJ.txt
ISA-43-ENG.txt,ISA-43-KNJ.txt
ISA-44-ENG.txt,ISA-44-KNJ.txt
ISA-45-ENG.txt,ISA-45-KNJ.txt
ISA-46-ENG.txt,ISA-46-KNJ.txt
ISA-47-ENG.txt,ISA-47-KNJ.txt
ISA-48-ENG.txt,ISA-48-KNJ.txt
ISA-49-ENG.txt,ISA-49-KNJ.txt
ISA-5-ENG.txt,ISA-5-KNJ.txt
ISA-50-ENG.txt,ISA-50-KNJ.txt
ISA-51-ENG.txt,ISA-51-KNJ.txt
ISA-52-ENG.txt,ISA-52-KNJ.txt
ISA-53-ENG.txt,ISA-53-KNJ.txt
ISA-54-ENG.txt,ISA-54-KNJ.txt
ISA-55-ENG.txt,ISA-55-KNJ.txt
ISA-56-ENG.txt,ISA-56-KNJ.txt
ISA-57-ENG.txt,ISA-57-KNJ.txt
ISA-58-ENG.txt,ISA-58-KNJ.txt
ISA-59-ENG.txt,ISA-59-KNJ.txt
ISA-6-ENG.txt,ISA-6-KNJ.txt
ISA-60-ENG.txt,ISA-60-KNJ.txt
ISA-61-ENG.txt,ISA-61-KNJ.txt
ISA-62-ENG.txt,ISA-62-KNJ.txt
ISA-63-ENG.txt,ISA-63-KNJ.txt
ISA-64-ENG.txt,ISA-64-KNJ.txt
ISA-65-ENG.txt,ISA-65-KNJ.txt
ISA-66-ENG.txt,ISA-66-KNJ.txt
ISA-7-ENG.txt,ISA-7-KNJ.txt
ISA-8-ENG.txt,ISA-8-KNJ.txt
ISA-9-ENG.txt,ISA-9-KNJ.txt
JAS-1-ENG.txt,JAS-1-KNJ.txt
JAS-2-ENG.txt,JAS-2-KNJ.txt
JAS-3-ENG.txt,JAS-3-KNJ.txt
JAS-4-ENG.txt,JAS-4-KNJ.txt
JAS-5-ENG.txt,JAS-5-KNJ.txt
JDG-1-ENG.txt,JDG-1-KNJ.txt
JDG-10-ENG.txt,JDG-10-KNJ.txt
JDG-11-ENG.txt,JDG-11-KNJ.txt
JDG-12-ENG.txt,JDG-12-KNJ.txt
JDG-13-ENG.txt,JDG-13-KNJ.txt
JDG-14-ENG.txt,JDG-14-KNJ.txt
JDG-15-ENG.txt,JDG-15-KNJ.txt
JDG-16-ENG.txt,JDG-16-KNJ.txt
JDG-17-ENG.txt,JDG-17-KNJ.txt
JDG-18-ENG.txt,JDG-18-KNJ.txt
JDG-19-ENG.txt,JDG-19-KNJ.txt
JDG-2-ENG.txt,JDG-2-KNJ.txt
JDG-20-ENG.txt,JDG-20-KNJ.txt
JDG-21-ENG.txt,JDG-21-KNJ.txt
JDG-3-ENG.txt,JDG-3-KNJ.txt
JDG-4-ENG.txt,JDG-4-KNJ.txt
JDG-5-ENG.txt,JDG-5-KNJ.txt
JDG-6-ENG.txt,JDG-6-KNJ.txt
JDG-7-ENG.txt,JDG-7-KNJ.txt
JDG-8-ENG.txt,JDG-8-KNJ.txt
JDG-9-ENG.txt,JDG-9-KNJ.txt
JER-1-ENG.txt,JER-1-KNJ.txt
JER-10-ENG.txt,JER-10-KNJ.txt
JER-11-ENG.txt,JER-11-KNJ.txt
JER-12-ENG.txt,JER-12-KNJ.txt
JER-13-ENG.txt,JER-13-KNJ.txt
JER-14-ENG.txt,JER-14-KNJ.txt
JER-15-ENG.txt,JER-15-KNJ.txt
JER-16-ENG.txt,JER-16-KNJ.txt
JER-17-ENG.txt,JER-17-KNJ.txt
JER-18-ENG.txt,JER-18-KNJ.txt
JER-19-ENG.txt,JER-19-KNJ.txt
JER-2-ENG.txt,JER-2-KNJ.txt
JER-20-ENG.txt,JER-20-KNJ.txt
JER-21-ENG.txt,JER-21-KNJ.txt
JER-22-ENG.txt,JER-22-KNJ.txt
JER-23-ENG.txt,JER-23-KNJ.txt
JER-24-ENG.txt,JER-24-KNJ.txt
JER-25-ENG.txt,JER-25-KNJ.txt
JER-26-ENG.txt,JER-26-KNJ.txt
JER-27-ENG.txt,JER-27-KNJ.txt
JER-28-ENG.txt,JER-28-KNJ.txt
JER-29-ENG.txt,JER-29-KNJ.txt
JER-3-ENG.txt,JER-3-KNJ.txt
JER-30-ENG.txt,JER-30-KNJ.txt
JER-31-ENG.txt,JER-31-KNJ.txt
JER-32-ENG.txt,JER-32-KNJ.txt
JER-33-ENG.txt,JER-33-KNJ.txt
JER-34-ENG.txt,JER-34-KNJ.txt
JER-35-ENG.txt,JER-35-KNJ.txt
JER-36-ENG.txt,JER-36-KNJ.txt
JER-37-ENG.txt,JER-37-KNJ.txt
JER-38-ENG.txt,JER-38-KNJ.txt
JER-39-ENG.txt,JER-39-KNJ.txt
JER-4-ENG.txt,JER-4-KNJ.txt
JER-40-ENG.txt,JER-40-KNJ.txt
JER-41-ENG.txt,JER-41-KNJ.txt
JER-42-ENG.txt,JER-42-KNJ.txt
JER-43-ENG.txt,JER-43-KNJ.txt
JER-44-ENG.txt,JER-44-KNJ.txt
JER-45-ENG.txt,JER-45-KNJ.txt
JER-46-ENG.txt,JER-46-KNJ.txt
JER-47-ENG.txt,JER-47-KNJ.txt
JER-48-ENG.txt,JER-48-KNJ.txt
JER-49-ENG.txt,JER-49-KNJ.txt
JER-5-ENG.txt,JER-5-KNJ.txt
JER-50-ENG.txt,JER-50-KNJ.txt
JER-51-ENG.txt,JER-51-KNJ.txt
JER-52-ENG.txt,JER-52-KNJ.txt
JER-6-ENG.txt,JER-6-KNJ.txt
JER-7-ENG.txt,JER-7-KNJ.txt
JER-8-ENG.txt,JER-8-KNJ.txt
JER-9-ENG.txt,JER-9-KNJ.txt
JHN-1-ENG.txt,JHN-1-KNJ.txt
JHN-10-ENG.txt,JHN-10-KNJ.txt
JHN-11-ENG.txt,JHN-11-KNJ.txt
JHN-12-ENG.txt,JHN-12-KNJ.txt
JHN-13-ENG.txt,JHN-13-KNJ.txt
JHN-14-ENG.txt,JHN-14-KNJ.txt
JHN-15-ENG.txt,JHN-15-KNJ.txt
JHN-16-ENG.txt,JHN-16-KNJ.txt
JHN-17-ENG.txt,JHN-17-KNJ.txt
JHN-18-ENG.txt,JHN-18-KNJ.txt
JHN-19-ENG.txt,JHN-19-KNJ.txt
JHN-2-ENG.txt,JHN-2-KNJ.txt
JHN-20-ENG.txt,JHN-20-KNJ.txt
JHN-21-ENG.txt,JHN-21-KNJ.txt
JHN-3-ENG.txt,JHN-3-KNJ.txt
JHN-4-ENG.txt,JHN-4-KNJ.txt
JHN-6-ENG.txt,JHN-6-KNJ.txt
JHN-7-ENG.txt,JHN-7-KNJ.txt
JHN-8-ENG.txt,JHN-8-KNJ.txt
JHN-9-ENG.txt,JHN-9-KNJ.txt
JOB-1-ENG.txt,JOB-1-KNJ.txt
JOB-10-ENG.txt,JOB-10-KNJ.txt
JOB-11-ENG.txt,JOB-11-KNJ.txt
JOB-12-ENG.txt,JOB-12-KNJ.txt
JOB-13-ENG.txt,JOB-13-KNJ.txt
JOB-14-ENG.txt,JOB-14-KNJ.txt
JOB-15-ENG.txt,JOB-15-KNJ.txt
JOB-16-ENG.txt,JOB-16-KNJ.txt
JOB-17-ENG.txt,JOB-17-KNJ.txt
JOB-18-ENG.txt,JOB-18-KNJ.txt
JOB-19-ENG.txt,JOB-19-KNJ.txt
JOB-2-ENG.txt,JOB-2-KNJ.txt
JOB-20-ENG.txt,JOB-20-KNJ.txt
JOB-21-ENG.txt,JOB-21-KNJ.txt
JOB-22-ENG.txt,JOB-22-KNJ.txt
JOB-23-ENG.txt,JOB-23-KNJ.txt
JOB-24-ENG.txt,JOB-24-KNJ.txt
JOB-25-ENG.txt,JOB-25-KNJ.txt
JOB-26-ENG.txt,JOB-26-KNJ.txt
JOB-27-ENG.txt,JOB-27-KNJ.txt
JOB-28-ENG.txt,JOB-28-KNJ.txt
JOB-29-ENG.txt,JOB-29-KNJ.txt
JOB-3-ENG.txt,JOB-3-KNJ.txt
JOB-30-ENG.txt,JOB-30-KNJ.txt
JOB-31-ENG.txt,JOB-31-KNJ.txt
JOB-32-ENG.txt,JOB-32-KNJ.txt
JOB-33-ENG.txt,JOB-33-KNJ.txt
JOB-34-ENG.txt,JOB-34-KNJ.txt
JOB-35-ENG.txt,JOB-35-KNJ.txt
JOB-36-ENG.txt,JOB-36-KNJ.txt
JOB-37-ENG.txt,JOB-37-KNJ.txt
JOB-38-ENG.txt,JOB-38-KNJ.txt
JOB-39-ENG.txt,JOB-39-KNJ.txt
JOB-4-ENG.txt,JOB-4-KNJ.txt
JOB-40-ENG.txt,JOB-40-KNJ.txt
JOB-41-ENG.txt,JOB-41-KNJ.txt
JOB-42-ENG.txt,JOB-42-KNJ.txt
JOB-5-ENG.txt,JOB-5-KNJ.txt
JOB-6-ENG.txt,JOB-6-KNJ.txt
JOB-7-ENG.txt,JOB-7-KNJ.txt
JOB-8-ENG.txt,JOB-8-KNJ.txt
JOB-9-ENG.txt,JOB-9-KNJ.txt
JOL-1-ENG.txt,JOL-1-KNJ.txt
JOL-2-ENG.txt,JOL-2-KNJ.txt
JOL-3-ENG.txt,JOL-3-KNJ.txt
JON-1-ENG.txt,JON-1-KNJ.txt
JON-2-ENG.txt,JON-2-KNJ.txt
JON-3-ENG.txt,JON-3-KNJ.txt
JON-4-ENG.txt,JON-4-KNJ.txt
JOS-1-ENG.txt,JOS-1-KNJ.txt
JOS-10-ENG.txt,JOS-10-KNJ.txt
JOS-11-ENG.txt,JOS-11-KNJ.txt
JOS-12-ENG.txt,JOS-12-KNJ.txt
JOS-13-ENG.txt,JOS-13-KNJ.txt
JOS-14-ENG.txt,JOS-14-KNJ.txt
JOS-15-ENG.txt,JOS-15-KNJ.txt
JOS-16-ENG.txt,JOS-16-KNJ.txt
JOS-17-ENG.txt,JOS-17-KNJ.txt
JOS-18-ENG.txt,JOS-18-KNJ.txt
JOS-19-ENG.txt,JOS-19-KNJ.txt
JOS-2-ENG.txt,JOS-2-KNJ.txt
JOS-20-ENG.txt,JOS-20-KNJ.txt
JOS-21-ENG.txt,JOS-21-KNJ.txt
JOS-22-ENG.txt,JOS-22-KNJ.txt
JOS-23-ENG.txt,JOS-23-KNJ.txt
JOS-24-ENG.txt,JOS-24-KNJ.txt
JOS-3-ENG.txt,JOS-3-KNJ.txt
JOS-4-ENG.txt,JOS-4-KNJ.txt
JOS-5-ENG.txt,JOS-5-KNJ.txt
JOS-6-ENG.txt,JOS-6-KNJ.txt
JOS-7-ENG.txt,JOS-7-KNJ.txt
JOS-8-ENG.txt,JOS-8-KNJ.txt
JOS-9-ENG.txt,JOS-9-KNJ.txt
JUD-1-ENG.txt,JUD-1-KNJ.txt
LAM-1-ENG.txt,LAM-1-KNJ.txt
LAM-2-ENG.txt,LAM-2-KNJ.txt
LAM-3-ENG.txt,LAM-3-KNJ.txt
LAM-4-ENG.txt,LAM-4-KNJ.txt
LAM-5-ENG.txt,LAM-5-KNJ.txt
LEV-1-ENG.txt,LEV-1-KNJ.txt
LEV-10-ENG.txt,LEV-10-KNJ.txt
LEV-11-ENG.txt,LEV-11-KNJ.txt
LEV-12-ENG.txt,LEV-12-KNJ.txt
LEV-13-ENG.txt,LEV-13-KNJ.txt
LEV-14-ENG.txt,LEV-14-KNJ.txt
LEV-15-ENG.txt,LEV-15-KNJ.txt
LEV-16-ENG.txt,LEV-16-KNJ.txt
LEV-17-ENG.txt,LEV-17-KNJ.txt
LEV-18-ENG.txt,LEV-18-KNJ.txt
LEV-19-ENG.txt,LEV-19-KNJ.txt
LEV-2-ENG.txt,LEV-2-KNJ.txt
LEV-20-ENG.txt,LEV-20-KNJ.txt
LEV-21-ENG.txt,LEV-21-KNJ.txt
LEV-22-ENG.txt,LEV-22-KNJ.txt
LEV-23-ENG.txt,LEV-23-KNJ.txt
LEV-24-ENG.txt,LEV-24-KNJ.txt
LEV-25-ENG.txt,LEV-25-KNJ.txt
LEV-26-ENG.txt,LEV-26-KNJ.txt
LEV-27-ENG.txt,LEV-27-KNJ.txt
LEV-3-ENG.txt,LEV-3-KNJ.txt
LEV-4-ENG.txt,LEV-4-KNJ.txt
LEV-5-ENG.txt,LEV-5-KNJ.txt
LEV-6-ENG.txt,LEV-6-KNJ.txt
LEV-7-ENG.txt,LEV-7-KNJ.txt
LEV-8-ENG.txt,LEV-8-KNJ.txt
LEV-9-ENG.txt,LEV-9-KNJ.txt
LUK-1-ENG.txt,LUK-1-KNJ.txt
LUK-10-ENG.txt,LUK-10-KNJ.txt
LUK-11-ENG.txt,LUK-11-KNJ.txt
LUK-12-ENG.txt,LUK-12-KNJ.txt
LUK-13-ENG.txt,LUK-13-KNJ.txt
LUK-14-ENG.txt,LUK-14-KNJ.txt
LUK-15-ENG.txt,LUK-15-KNJ.txt
LUK-16-ENG.txt,LUK-16-KNJ.txt
LUK-18-ENG.txt,LUK-18-KNJ.txt
LUK-19-ENG.txt,LUK-19-KNJ.txt
LUK-2-ENG.txt,LUK-2-KNJ.txt
LUK-20-ENG.txt,LUK-20-KNJ.txt
LUK-21-ENG.txt,LUK-21-KNJ.txt
LUK-22-ENG.txt,LUK-22-KNJ.txt
LUK-24-ENG.txt,LUK-24-KNJ.txt
LUK-3-ENG.txt,LUK-3-KNJ.txt
LUK-4-ENG.txt,LUK-4-KNJ.txt
LUK-5-ENG.txt,LUK-5-KNJ.txt
LUK-6-ENG.txt,LUK-6-KNJ.txt
LUK-7-ENG.txt,LUK-7-KNJ.txt
LUK-8-ENG.txt,LUK-8-KNJ.txt
LUK-9-ENG.txt,LUK-9-KNJ.txt
MAL-1-ENG.txt,MAL-1-KNJ.txt
MAL-2-ENG.txt,MAL-2-KNJ.txt
MAL-3-ENG.txt,MAL-3-KNJ.txt
MAL-4-ENG.txt,MAL-4-KNJ.txt
MAT-1-ENG.txt,MAT-1-KNJ.txt
MAT-10-ENG.txt,MAT-10-KNJ.txt
MAT-11-ENG.txt,MAT-11-KNJ.txt
MAT-12-ENG.txt,MAT-12-KNJ.txt
MAT-13-ENG.txt,MAT-13-KNJ.txt
MAT-14-ENG.txt,MAT-14-KNJ.txt
MAT-15-ENG.txt,MAT-15-KNJ.txt
MAT-16-ENG.txt,MAT-16-KNJ.txt
MAT-19-ENG.txt,MAT-19-KNJ.txt
MAT-2-ENG.txt,MAT-2-KNJ.txt
MAT-20-ENG.txt,MAT-20-KNJ.txt
MAT-21-ENG.txt,MAT-21-KNJ.txt
MAT-22-ENG.txt,MAT-22-KNJ.txt
MAT-24-ENG.txt,MAT-24-KNJ.txt
MAT-25-ENG.txt,MAT-25-KNJ.txt
MAT-26-ENG.txt,MAT-26-KNJ.txt
MAT-27-ENG.txt,MAT-27-KNJ.txt
MAT-28-ENG.txt,MAT-28-KNJ.txt
MAT-3-ENG.txt,MAT-3-KNJ.txt
MAT-4-ENG.txt,MAT-4-KNJ.txt
MAT-5-ENG.txt,MAT-5-KNJ.txt
MAT-6-ENG.txt,MAT-6-KNJ.txt
MAT-7-ENG.txt,MAT-7-KNJ.txt
MAT-8-ENG.txt,MAT-8-KNJ.txt
MAT-9-ENG.txt,MAT-9-KNJ.txt
MIC-1-ENG.txt,MIC-1-KNJ.txt
MIC-2-ENG.txt,MIC-2-KNJ.txt
MIC-3-ENG.txt,MIC-3-KNJ.txt
MIC-4-ENG.txt,MIC-4-KNJ.txt
MIC-5-ENG.txt,MIC-5-KNJ.txt
MIC-6-ENG.txt,MIC-6-KNJ.txt
MIC-7-ENG.txt,MIC-7-KNJ.txt
MRK-1-ENG.txt,MRK-1-KNJ.txt
MRK-10-ENG.txt,MRK-10-KNJ.txt
MRK-12-ENG.txt,MRK-12-KNJ.txt
MRK-13-ENG.txt,MRK-13-KNJ.txt
MRK-14-ENG.txt,MRK-14-KNJ.txt
MRK-16-ENG.txt,MRK-16-KNJ.txt
MRK-2-ENG.txt,MRK-2-KNJ.txt
MRK-3-ENG.txt,MRK-3-KNJ.txt
MRK-4-ENG.txt,MRK-4-KNJ.txt
MRK-5-ENG.txt,MRK-5-KNJ.txt
MRK-6-ENG.txt,MRK-6-KNJ.txt
MRK-8-ENG.txt,MRK-8-KNJ.txt
NAM-1-ENG.txt,NAM-1-KNJ.txt
NAM-2-ENG.txt,NAM-2-KNJ.txt
NAM-3-ENG.txt,NAM-3-KNJ.txt
NEH-1-ENG.txt,NEH-1-KNJ.txt
NEH-10-ENG.txt,NEH-10-KNJ.txt
NEH-11-ENG.txt,NEH-11-KNJ.txt
NEH-12-ENG.txt,NEH-12-KNJ.txt
NEH-13-ENG.txt,NEH-13-KNJ.txt
NEH-2-ENG.txt,NEH-2-KNJ.txt
NEH-3-ENG.txt,NEH-3-KNJ.txt
NEH-4-ENG.txt,NEH-4-KNJ.txt
NEH-5-ENG.txt,NEH-5-KNJ.txt
NEH-6-ENG.txt,NEH-6-KNJ.txt
NEH-7-ENG.txt,NEH-7-KNJ.txt
NEH-8-ENG.txt,NEH-8-KNJ.txt
NEH-9-ENG.txt,NEH-9-KNJ.txt
NUM-1-ENG.txt,NUM-1-KNJ.txt
NUM-10-ENG.txt,NUM-10-KNJ.txt
NUM-11-ENG.txt,NUM-11-KNJ.txt
NUM-12-ENG.txt,NUM-12-KNJ.txt
NUM-13-ENG.txt,NUM-13-KNJ.txt
NUM-14-ENG.txt,NUM-14-KNJ.txt
NUM-15-ENG.txt,NUM-15-KNJ.txt
NUM-16-ENG.txt,NUM-16-KNJ.txt
NUM-17-ENG.txt,NUM-17-KNJ.txt
NUM-18-ENG.txt,NUM-18-KNJ.txt
NUM-19-ENG.txt,NUM-19-KNJ.txt
NUM-2-ENG.txt,NUM-2-KNJ.txt
NUM-20-ENG.txt,NUM-20-KNJ.txt
NUM-21-ENG.txt,NUM-21-KNJ.txt
NUM-22-ENG.txt,NUM-22-KNJ.txt
NUM-23-ENG.txt,NUM-23-KNJ.txt
NUM-24-ENG.txt,NUM-24-KNJ.txt
NUM-25-ENG.txt,NUM-25-KNJ.txt
NUM-26-ENG.txt,NUM-26-KNJ.txt
NUM-27-ENG.txt,NUM-27-KNJ.txt
NUM-28-ENG.txt,NUM-28-KNJ.txt
NUM-29-ENG.txt,NUM-29-KNJ.txt
NUM-3-ENG.txt,NUM-3-KNJ.txt
NUM-30-ENG.txt,NUM-30-KNJ.txt
NUM-31-ENG.txt,NUM-31-KNJ.txt
NUM-32-ENG.txt,NUM-32-KNJ.txt
NUM-33-ENG.txt,NUM-33-KNJ.txt
NUM-34-ENG.txt,NUM-34-KNJ.txt
NUM-35-ENG.txt,NUM-35-KNJ.txt
NUM-36-ENG.txt,NUM-36-KNJ.txt
NUM-4-ENG.txt,NUM-4-KNJ.txt
NUM-5-ENG.txt,NUM-5-KNJ.txt
NUM-6-ENG.txt,NUM-6-KNJ.txt
NUM-7-ENG.txt,NUM-7-KNJ.txt
NUM-8-ENG.txt,NUM-8-KNJ.txt
NUM-9-ENG.txt,NUM-9-KNJ.txt
OBA-1-ENG.txt,OBA-1-KNJ.txt
PHM-1-ENG.txt,PHM-1-KNJ.txt
PHP-1-ENG.txt,PHP-1-KNJ.txt
PHP-2-ENG.txt,PHP-2-KNJ.txt
PHP-3-ENG.txt,PHP-3-KNJ.txt
PHP-4-ENG.txt,PHP-4-KNJ.txt
PRO-1-ENG.txt,PRO-1-KNJ.txt
PRO-10-ENG.txt,PRO-10-KNJ.txt
PRO-11-ENG.txt,PRO-11-KNJ.txt
PRO-12-ENG.txt,PRO-12-KNJ.txt
PRO-13-ENG.txt,PRO-13-KNJ.txt
PRO-14-ENG.txt,PRO-14-KNJ.txt
PRO-15-ENG.txt,PRO-15-KNJ.txt
PRO-16-ENG.txt,PRO-16-KNJ.txt
PRO-17-ENG.txt,PRO-17-KNJ.txt
PRO-18-ENG.txt,PRO-18-KNJ.txt
PRO-19-ENG.txt,PRO-19-KNJ.txt
PRO-2-ENG.txt,PRO-2-KNJ.txt
PRO-20-ENG.txt,PRO-20-KNJ.txt
PRO-21-ENG.txt,PRO-21-KNJ.txt
PRO-22-ENG.txt,PRO-22-KNJ.txt
PRO-23-ENG.txt,PRO-23-KNJ.txt
PRO-24-ENG.txt,PRO-24-KNJ.txt
PRO-25-ENG.txt,PRO-25-KNJ.txt
PRO-26-ENG.txt,PRO-26-KNJ.txt
PRO-27-ENG.txt,PRO-27-KNJ.txt
PRO-28-ENG.txt,PRO-28-KNJ.txt
PRO-29-ENG.txt,PRO-29-KNJ.txt
PRO-3-ENG.txt,PRO-3-KNJ.txt
PRO-30-ENG.txt,PRO-30-KNJ.txt
PRO-31-ENG.txt,PRO-31-KNJ.txt
PRO-4-ENG.txt,PRO-4-KNJ.txt
PRO-5-ENG.txt,PRO-5-KNJ.txt
PRO-6-ENG.txt,PRO-6-KNJ.txt
PRO-7-ENG.txt,PRO-7-KNJ.txt
PRO-8-ENG.txt,PRO-8-KNJ.txt
PRO-9-ENG.txt,PRO-9-KNJ.txt
PSA-1-ENG.txt,PSA-1-KNJ.txt
PSA-10-ENG.txt,PSA-10-KNJ.txt
PSA-100-ENG.txt,PSA-100-KNJ.txt
PSA-101-ENG.txt,PSA-101-KNJ.txt
PSA-102-ENG.txt,PSA-102-KNJ.txt
PSA-103-ENG.txt,PSA-103-KNJ.txt
PSA-104-ENG.txt,PSA-104-KNJ.txt
PSA-105-ENG.txt,PSA-105-KNJ.txt
PSA-106-ENG.txt,PSA-106-KNJ.txt
PSA-107-ENG.txt,PSA-107-KNJ.txt
PSA-108-ENG.txt,PSA-108-KNJ.txt
PSA-109-ENG.txt,PSA-109-KNJ.txt
PSA-11-ENG.txt,PSA-11-KNJ.txt
PSA-110-ENG.txt,PSA-110-KNJ.txt
PSA-111-ENG.txt,PSA-111-KNJ.txt
PSA-112-ENG.txt,PSA-112-KNJ.txt
PSA-113-ENG.txt,PSA-113-KNJ.txt
PSA-114-ENG.txt,PSA-114-KNJ.txt
PSA-115-ENG.txt,PSA-115-KNJ.txt
PSA-116-ENG.txt,PSA-116-KNJ.txt
PSA-117-ENG.txt,PSA-117-KNJ.txt
PSA-118-ENG.txt,PSA-118-KNJ.txt
PSA-119-ENG.txt,PSA-119-KNJ.txt
PSA-12-ENG.txt,PSA-12-KNJ.txt
PSA-120-ENG.txt,PSA-120-KNJ.txt
PSA-121-ENG.txt,PSA-121-KNJ.txt
PSA-122-ENG.txt,PSA-122-KNJ.txt
PSA-123-ENG.txt,PSA-123-KNJ.txt
PSA-124-ENG.txt,PSA-124-KNJ.txt
PSA-125-ENG.txt,PSA-125-KNJ.txt
PSA-126-ENG.txt,PSA-126-KNJ.txt
PSA-127-ENG.txt,PSA-127-KNJ.txt
PSA-128-ENG.txt,PSA-128-KNJ.txt
PSA-129-ENG.txt,PSA-129-KNJ.txt
PSA-13-ENG.txt,PSA-13-KNJ.txt
PSA-130-ENG.txt,PSA-130-KNJ.txt
PSA-131-ENG.txt,PSA-131-KNJ.txt
PSA-132-ENG.txt,PSA-132-KNJ.txt
PSA-133-ENG.txt,PSA-133-KNJ.txt
PSA-134-ENG.txt,PSA-134-KNJ.txt
PSA-135-ENG.txt,PSA-135-KNJ.txt
PSA-136-ENG.txt,PSA-136-KNJ.txt
PSA-137-ENG.txt,PSA-137-KNJ.txt
PSA-138-ENG.txt,PSA-138-KNJ.txt
PSA-139-ENG.txt,PSA-139-KNJ.txt
PSA-14-ENG.txt,PSA-14-KNJ.txt
PSA-140-ENG.txt,PSA-140-KNJ.txt
PSA-141-ENG.txt,PSA-141-KNJ.txt
PSA-142-ENG.txt,PSA-142-KNJ.txt
PSA-143-ENG.txt,PSA-143-KNJ.txt
PSA-144-ENG.txt,PSA-144-KNJ.txt
PSA-145-ENG.txt,PSA-145-KNJ.txt
PSA-146-ENG.txt,PSA-146-KNJ.txt
PSA-147-ENG.txt,PSA-147-KNJ.txt
PSA-148-ENG.txt,PSA-148-KNJ.txt
PSA-149-ENG.txt,PSA-149-KNJ.txt
PSA-15-ENG.txt,PSA-15-KNJ.txt
PSA-150-ENG.txt,PSA-150-KNJ.txt
PSA-16-ENG.txt,PSA-16-KNJ.txt
PSA-17-ENG.txt,PSA-17-KNJ.txt
PSA-18-ENG.txt,PSA-18-KNJ.txt
PSA-19-ENG.txt,PSA-19-KNJ.txt
PSA-2-ENG.txt,PSA-2-KNJ.txt
PSA-20-ENG.txt,PSA-20-KNJ.txt
PSA-21-ENG.txt,PSA-21-KNJ.txt
PSA-22-ENG.txt,PSA-22-KNJ.txt
PSA-23-ENG.txt,PSA-23-KNJ.txt
PSA-24-ENG.txt,PSA-24-KNJ.txt
PSA-25-ENG.txt,PSA-25-KNJ.txt
PSA-26-ENG.txt,PSA-26-KNJ.txt
PSA-27-ENG.txt,PSA-27-KNJ.txt
PSA-28-ENG.txt,PSA-28-KNJ.txt
PSA-29-ENG.txt,PSA-29-KNJ.txt
PSA-3-ENG.txt,PSA-3-KNJ.txt
PSA-30-ENG.txt,PSA-30-KNJ.txt
PSA-31-ENG.txt,PSA-31-KNJ.txt
PSA-32-ENG.txt,PSA-32-KNJ.txt
PSA-33-ENG.txt,PSA-33-KNJ.txt
PSA-34-ENG.txt,PSA-34-KNJ.txt
PSA-35-ENG.txt,PSA-35-KNJ.txt
PSA-36-ENG.txt,PSA-36-KNJ.txt
PSA-37-ENG.txt,PSA-37-KNJ.txt
PSA-38-ENG.txt,PSA-38-KNJ.txt
PSA-39-ENG.txt,PSA-39-KNJ.txt
PSA-4-ENG.txt,PSA-4-KNJ.txt
PSA-40-ENG.txt,PSA-40-KNJ.txt
PSA-41-ENG.txt,PSA-41-KNJ.txt
PSA-42-ENG.txt,PSA-42-KNJ.txt
PSA-43-ENG.txt,PSA-43-KNJ.txt
PSA-44-ENG.txt,PSA-44-KNJ.txt
PSA-45-ENG.txt,PSA-45-KNJ.txt
PSA-46-ENG.txt,PSA-46-KNJ.txt
PSA-48-ENG.txt,PSA-48-KNJ.txt
PSA-49-ENG.txt,PSA-49-KNJ.txt
PSA-5-ENG.txt,PSA-5-KNJ.txt
PSA-50-ENG.txt,PSA-50-KNJ.txt
PSA-51-ENG.txt,PSA-51-KNJ.txt
PSA-52-ENG.txt,PSA-52-KNJ.txt
PSA-53-ENG.txt,PSA-53-KNJ.txt
PSA-54-ENG.txt,PSA-54-KNJ.txt
PSA-55-ENG.txt,PSA-55-KNJ.txt
PSA-56-ENG.txt,PSA-56-KNJ.txt
PSA-57-ENG.txt,PSA-57-KNJ.txt
PSA-58-ENG.txt,PSA-58-KNJ.txt
PSA-59-ENG.txt,PSA-59-KNJ.txt
PSA-6-ENG.txt,PSA-6-KNJ.txt
PSA-60-ENG.txt,PSA-60-KNJ.txt
PSA-61-ENG.txt,PSA-61-KNJ.txt
PSA-62-ENG.txt,PSA-62-KNJ.txt
PSA-63-ENG.txt,PSA-63-KNJ.txt
PSA-64-ENG.txt,PSA-64-KNJ.txt
PSA-65-ENG.txt,PSA-65-KNJ.txt
PSA-66-ENG.txt,PSA-66-KNJ.txt
PSA-67-ENG.txt,PSA-67-KNJ.txt
PSA-68-ENG.txt,PSA-68-KNJ.txt
PSA-69-ENG.txt,PSA-69-KNJ.txt
PSA-7-ENG.txt,PSA-7-KNJ.txt
PSA-70-ENG.txt,PSA-70-KNJ.txt
PSA-71-ENG.txt,PSA-71-KNJ.txt
PSA-72-ENG.txt,PSA-72-KNJ.txt
PSA-73-ENG.txt,PSA-73-KNJ.txt
PSA-74-ENG.txt,PSA-74-KNJ.txt
PSA-75-ENG.txt,PSA-75-KNJ.txt
PSA-76-ENG.txt,PSA-76-KNJ.txt
PSA-77-ENG.txt,PSA-77-KNJ.txt
PSA-78-ENG.txt,PSA-78-KNJ.txt
PSA-79-ENG.txt,PSA-79-KNJ.txt
PSA-8-ENG.txt,PSA-8-KNJ.txt
PSA-80-ENG.txt,PSA-80-KNJ.txt
PSA-81-ENG.txt,PSA-81-KNJ.txt
PSA-82-ENG.txt,PSA-82-KNJ.txt
PSA-83-ENG.txt,PSA-83-KNJ.txt
PSA-84-ENG.txt,PSA-84-KNJ.txt
PSA-85-ENG.txt,PSA-85-KNJ.txt
PSA-86-ENG.txt,PSA-86-KNJ.txt
PSA-87-ENG.txt,PSA-87-KNJ.txt
PSA-88-ENG.txt,PSA-88-KNJ.txt
PSA-89-ENG.txt,PSA-89-KNJ.txt
PSA-9-ENG.txt,PSA-9-KNJ.txt
PSA-90-ENG.txt,PSA-90-KNJ.txt
PSA-91-ENG.txt,PSA-91-KNJ.txt
PSA-92-ENG.txt,PSA-92-KNJ.txt
PSA-93-ENG.txt,PSA-93-KNJ.txt
PSA-94-ENG.txt,PSA-94-KNJ.txt
PSA-95-ENG.txt,PSA-95-KNJ.txt
PSA-96-ENG.txt,PSA-96-KNJ.txt
PSA-97-ENG.txt,PSA-97-KNJ.txt
PSA-98-ENG.txt,PSA-98-KNJ.txt
PSA-99-ENG.txt,PSA-99-KNJ.txt
REV-1-ENG.txt,REV-1-KNJ.txt
REV-10-ENG.txt,REV-10-KNJ.txt
REV-11-ENG.txt,REV-11-KNJ.txt
REV-13-ENG.txt,REV-13-KNJ.txt
REV-14-ENG.txt,REV-14-KNJ.txt
REV-15-ENG.txt,REV-15-KNJ.txt
REV-16-ENG.txt,REV-16-KNJ.txt
REV-17-ENG.txt,REV-17-KNJ.txt
REV-18-ENG.txt,REV-18-KNJ.txt
REV-19-ENG.txt,REV-19-KNJ.txt
REV-2-ENG.txt,REV-2-KNJ.txt
REV-20-ENG.txt,REV-20-KNJ.txt
REV-21-ENG.txt,REV-21-KNJ.txt
REV-22-ENG.txt,REV-22-KNJ.txt
REV-3-ENG.txt,REV-3-KNJ.txt
REV-4-ENG.txt,REV-4-KNJ.txt
REV-5-ENG.txt,REV-5-KNJ.txt
REV-6-ENG.txt,REV-6-KNJ.txt
REV-7-ENG.txt,REV-7-KNJ.txt
REV-8-ENG.txt,REV-8-KNJ.txt
REV-9-ENG.txt,REV-9-KNJ.txt
ROM-1-ENG.txt,ROM-1-KNJ.txt
ROM-10-ENG.txt,ROM-10-KNJ.txt
ROM-11-ENG.txt,ROM-11-KNJ.txt
ROM-12-ENG.txt,ROM-12-KNJ.txt
ROM-13-ENG.txt,ROM-13-KNJ.txt
ROM-14-ENG.txt,ROM-14-KNJ.txt
ROM-15-ENG.txt,ROM-15-KNJ.txt
ROM-2-ENG.txt,ROM-2-KNJ.txt
ROM-3-ENG.txt,ROM-3-KNJ.txt
ROM-4-ENG.txt,ROM-4-KNJ.txt
ROM-5-ENG.txt,ROM-5-KNJ.txt
ROM-6-ENG.txt,ROM-6-KNJ.txt
ROM-7-ENG.txt,ROM-7-KNJ.txt
ROM-8-ENG.txt,ROM-8-KNJ.txt
ROM-9-ENG.txt,ROM-9-KNJ.txt
RUT-1-ENG.txt,RUT-1-KNJ.txt
RUT-2-ENG.txt,RUT-2-KNJ.txt
RUT-3-ENG.txt,RUT-3-KNJ.txt
RUT-4-ENG.txt,RUT-4-KNJ.txt
SNG-1-ENG.txt,SNG-1-KNJ.txt
SNG-2-ENG.txt,SNG-2-KNJ.txt
SNG-3-ENG.txt,SNG-3-KNJ.txt
SNG-4-ENG.txt,SNG-4-KNJ.txt
SNG-5-ENG.txt,SNG-5-KNJ.txt
SNG-6-ENG.txt,SNG-6-KNJ.txt
SNG-7-ENG.txt,SNG-7-KNJ.txt
SNG-8-ENG.txt,SNG-8-KNJ.txt
TIT-1-ENG.txt,TIT-1-KNJ.txt
TIT-2-ENG.txt,TIT-2-KNJ.txt
TIT-3-ENG.txt,TIT-3-KNJ.txt
ZEC-1-ENG.txt,ZEC-1-KNJ.txt
ZEC-10-ENG.txt,ZEC-10-KNJ.txt
ZEC-11-ENG.txt,ZEC-11-KNJ.txt
ZEC-12-ENG.txt,ZEC-12-KNJ.txt
ZEC-13-ENG.txt,ZEC-13-KNJ.txt
ZEC-14-ENG.txt,ZEC-14-KNJ.txt
ZEC-2-ENG.txt,ZEC-2-KNJ.txt
ZEC-3-ENG.txt,ZEC-3-KNJ.txt
ZEC-4-ENG.txt,ZEC-4-KNJ.txt
ZEC-5-ENG.txt,ZEC-5-KNJ.txt
ZEC-6-ENG.txt,ZEC-6-KNJ.txt
ZEC-7-ENG.txt,ZEC-7-KNJ.txt
ZEC-8-ENG.txt,ZEC-8-KNJ.txt
ZEC-9-ENG.txt,ZEC-9-KNJ.txt
ZEP-1-ENG.txt,ZEP-1-KNJ.txt
ZEP-2-ENG.txt,ZEP-2-KNJ.txt
ZEP-3-ENG.txt,ZEP-3-KNJ.txt
say-1-eng.txt,say-1-kjb.txt
say-10-eng.txt,say-10-kjb.txt
say-11-eng.txt,say-11-kjb.txt
say-12-eng.txt,say-12-kjb.txt
say-2-eng.txt,say-2-kjb.txt
say-3-eng.txt,say-3-kjb.txt
say-5-eng.txt,say-5-kjb.txt
say-6-eng.txt,say-6-kjb.txt
say-7-eng.txt,say-7-kjb.txt
say-8-eng.txt,say-8-kjb.txt
say-9-eng.txt,say-9-kjb.txt
